number,first name,last name,email,state,zip
12345678910,ehsanul,islam,abc@gmail.com,new york,1000
12345678911,ehsanul,islam,abc@gmail.com,new york,1001
12345678912,ehsanul,islam,abc@gmail.com,new york,1002
12345678913,ehsanul,islam,abc@gmail.com,new york,1003
12345678914,ehsanul,islam,abc@gmail.com,new york,1004
12345678915,ehsanul,islam,abc@gmail.com,new york,1005
12345678916,ehsanul,islam,abc@gmail.com,new york,1006
12345678917,ehsanul,islam,abc@gmail.com,new york,1007
12345678918,ehsanul,islam,abc@gmail.com,new york,1008
12345678919,ehsanul,islam,abc@gmail.com,new york,1009
12345678920,ehsanul,islam,abc@gmail.com,new york,1010
12345678921,ehsanul,islam,abc@gmail.com,new york,1011
12345678922,ehsanul,islam,abc@gmail.com,new york,1012
12345678923,ehsanul,islam,abc@gmail.com,new york,1013
12345678924,ehsanul,islam,abc@gmail.com,new york,1014
12345678925,ehsanul,islam,abc@gmail.com,new york,1015
12345678926,ehsanul,islam,abc@gmail.com,new york,1016
12345678927,ehsanul,islam,abc@gmail.com,new york,1017
12345678928,ehsanul,islam,abc@gmail.com,new york,1018
12345678929,ehsanul,islam,abc@gmail.com,new york,1019
12345678930,ehsanul,islam,abc@gmail.com,new york,1020
12345678931,ehsanul,islam,abc@gmail.com,new york,1021
12345678932,ehsanul,islam,abc@gmail.com,new york,1022
12345678933,ehsanul,islam,abc@gmail.com,new york,1023
12345678934,ehsanul,islam,abc@gmail.com,new york,1024
12345678935,ehsanul,islam,abc@gmail.com,new york,1025
12345678936,ehsanul,islam,abc@gmail.com,new york,1026
12345678937,ehsanul,islam,abc@gmail.com,new york,1027
12345678938,ehsanul,islam,abc@gmail.com,new york,1028
12345678939,ehsanul,islam,abc@gmail.com,new york,1029
12345678940,ehsanul,islam,abc@gmail.com,new york,1030
12345678941,ehsanul,islam,abc@gmail.com,new york,1031
12345678942,ehsanul,islam,abc@gmail.com,new york,1032
12345678943,ehsanul,islam,abc@gmail.com,new york,1033
12345678944,ehsanul,islam,abc@gmail.com,new york,1034
12345678945,ehsanul,islam,abc@gmail.com,new york,1035
12345678946,ehsanul,islam,abc@gmail.com,new york,1036
12345678947,ehsanul,islam,abc@gmail.com,new york,1037
12345678948,ehsanul,islam,abc@gmail.com,new york,1038
12345678949,ehsanul,islam,abc@gmail.com,new york,1039
12345678950,ehsanul,islam,abc@gmail.com,new york,1040
